School_Name,Type,Year__end_year_of_academic_year,All_Subgroups_Graduated,All_Subgroups_Number_in_Cohort,All_Subgroups_Percentage_Graduated,American_Indian_or_Alaska_Nativ,American_Indian_or_Alaska_Nat_1,American_Indian_or_Alaska_Nat_2,Asian_Graduated,Asian_Number_in_Cohort,Asian_Percentage_Graduated,Black_or_African_American_Gradu,Black_or_African_American_Numbe,Black_or_African_American_Perce,Economically_Disadvantaged_Grad,Economically_Disadvantaged_Numb,Economically_Disadvantaged_Perc,Female_Graduated,Female_Number_in_Cohort,Female_Percentage_Graduated,Hispanic_or_Latino_Graduated,Hispanic_or_Latino_Number_in_Co,Hispanic_or_Latino_Percentage_G,Limited_English_Proficient_Grad,Limited_English_Proficient_Numb,Limited_English_Proficient_Perc,Male_Graduated,Male_Number_in_Cohort,Male_Percentage_Graduated,Migrant_Graduated,Migrant_Number_in_Cohort,Migrant_Percentage_Graduated,Multiple_Races_Graduated,Multiple_Races_Number_in_Cohort,Multiple_Races_Percentage_Gradu,Native_Hawaiian_or_Pacific_Isla,Native_Hawaiian_or_Pacific_Is_1,Native_Hawaiian_or_Pacific_Is_2,Students_With_Disabilities_Grad,Students_With_Disabilities_Numb,Students_With_Disabilities_Perc,White_Graduated,White_Number_in_Cohort,White_Percentage_Graduated,Foster_Care_Graduated,Foster_Care_Number_in_Cohort,Foster_Care_Percentage__Graduat,Homeless_Graduated,Homeless_Number_in_Cohort,Homeless_Percentage_Graduated,Military_Graduated,Military_Number_in_Cohort,Military_Percentage_Graduated,Date,ObjectId
Compadre High School,Reported Data,2012,136,278,48.92,0,24,0,0,0,,26,53,49.06,47,98,47.96,76,129,58.91,59,123,47.97,0,0,,60,149,40.27,0,0,,0,0,,0,0,,15,29,51.72,36,66,54.55,9999,9999,9999,9999,9999,9999,9999,9999,9999,2012/06/30 07:00:00+00,1
Corona Del Sol High School,Reported Data,2012,515,540,95.37,0,0,,47,48,97.92,37,37,100,30,30,100,274,283,96.82,62,63,98.41,0,0,,241,257,93.77,0,0,,0,0,,0,0,,31,38,81.58,362,384,94.27,9999,9999,9999,9999,9999,9999,9999,9999,9999,2012/06/30 07:00:00+00,2
Marcos De Niza High School,Reported Data,2012,381,417,91.37,30,43,69.77,22,23,95.65,53,54,98.15,67,86,77.91,203,219,92.69,141,151,93.38,0,0,,178,198,89.9,0,0,,0,0,,0,0,,33,44,75,135,145,93.1,9999,9999,9999,9999,9999,9999,9999,9999,9999,2012/06/30 07:00:00+00,3
Mcclintock High School,Reported Data,2012,344,380,90.53,14,17,82.35,27,34,79.41,38,42,90.48,110,116,94.83,172,186,92.47,111,121,91.74,0,0,,172,194,88.66,0,0,,0,0,,0,0,,25,37,67.57,153,164,93.29,9999,9999,9999,9999,9999,9999,9999,9999,9999,2012/06/30 07:00:00+00,4
Tempe High School,Reported Data,2012,249,284,87.68,12,13,92.31,0,11,0,47,57,82.46,94,107,87.85,133,148,89.86,143,157,91.08,0,0,,116,136,85.29,0,0,,0,0,,0,0,,25,39,64.1,36,45,80,9999,9999,9999,9999,9999,9999,9999,9999,9999,2012/06/30 07:00:00+00,5
Grand Total Tempe High Schools,Reported Data,2012,1625,1899,85.57,56,97,57.73,96,116,82.76,201,243,82.72,348,437,79.63,858,965,88.91,516,615,83.9,0,0,,767,934,82.12,0,0,,0,0,,0,0,,129,187,68.98,722,804,89.8,9999,9999,9999,9999,9999,9999,9999,9999,9999,2012/06/30 07:00:00+00,6
Tempe Union HS District,Reported Data,2012,3301,3685,89.6,363,423,85.8,237,255,92.9,773,900,85.9,99,135,73.3,,,,1816,1951,93.1,,11,90.9,472,576,81.9,,12,33.3,198,278,71.2,0,0,0,1701,1851,91.9,1600,1834,87.2,9999,9999,9999,9999,9999,9999,9999,9999,9999,2012/06/30 07:00:00+00,7
Maricopa County,Reported Data,2012,38824,49300,78.8,729,1120,65.1,1651,1879,87.9,2661,3668,72.5,13262,18143,73.1,20277,24437,83,13363,18792,71.1,158,727,21.7,18547,24863,74.6,,14,71.4,345,424,81.4,57,92,62,2877,4201,68.5,20011,23213,86.2,9999,9999,9999,9999,9999,9999,9999,9999,9999,2012/06/30 07:00:00+00,8
State of Arizona,Reported Data,2012,59208,77247,76.65,2849,4391,64.88,1959,2260,86.68,3235,4531,71.4,21657,30473,71.07,30686,37938,80.88,21449,30496,70.33,281,1200,23.42,28522,39309,72.56,151,201,75.12,621,792,78.41,102,161,63.35,4816,7358,65.45,28985,34461,84.11,9999,9999,9999,9999,9999,9999,9999,9999,9999,2012/06/30 07:00:00+00,9
Compadre High School,Reported Data,2013,115,305,37.7,6,28,21.43,0,0,,33,73,45.21,52,144,36.11,67,140,47.86,49,128,38.28,0,0,,48,165,29.09,0,0,,0,0,,0,0,,9,26,34.62,26,69,37.68,9999,9999,9999,9999,9999,9999,9999,9999,9999,2013/06/30 07:00:00+00,10
Corona Del Sol High School,Reported Data,2013,545,578,94.29,11,12,91.67,60,63,95.24,28,34,82.35,35,39,89.74,264,275,96,74,83,89.16,0,0,,281,303,92.74,0,0,,0,0,,0,0,,33,46,71.74,370,384,96.35,9999,9999,9999,9999,9999,9999,9999,9999,9999,2013/06/30 07:00:00+00,11
Marcos De Niza High School,Reported Data,2013,386,440,87.73,30,39,76.92,17,17,100,56,68,82.35,99,124,79.84,190,206,92.23,141,157,89.81,0,0,,196,234,83.76,0,0,,0,0,,0,0,,22,42,52.38,140,157,89.17,9999,9999,9999,9999,9999,9999,9999,9999,9999,2013/06/30 07:00:00+00,12
Mcclintock High School,Reported Data,2013,347,410,84.63,16,21,76.19,31,33,93.94,33,41,80.49,36,45,80,171,197,86.8,112,131,85.5,0,0,,176,213,82.63,0,0,,0,0,,0,0,,14,25,56,150,178,84.27,9999,9999,9999,9999,9999,9999,9999,9999,9999,2013/06/30 07:00:00+00,13
Tempe High School,Reported Data,2013,239,283,84.45,10,11,90.91,10,11,90.91,43,51,84.31,114,134,85.07,139,155,89.68,150,171,87.72,0,0,,100,128,78.13,0,0,,0,0,,0,0,,25,34,73.53,25,37,67.57,9999,9999,9999,9999,9999,9999,9999,9999,9999,2013/06/30 07:00:00+00,14
Grand Total Tempe High Schools,Reported Data,2013,1632,2016,80.95,73,111,65.77,118,124,95.16,193,267,72.28,336,486,69.14,831,973,85.41,526,670,78.51,0,0,,801,1043,76.8,0,0,,0,0,,0,0,,0,0,,711,825,86.18,9999,9999,9999,9999,9999,9999,9999,9999,9999,2013/06/30 07:00:00+00,15
Tempe Union HS District,Reported Data,2013,2921,3465,84.3,88,128,68.8,221,238,92.9,303,404,75,498,667,74.7,1490,1696,87.9,714,898,79.5,1,11,9.1,1431,1769,80.9,,,,20,27,74.1,,,,148,255,58,1573,1762,89.3,9999,9999,9999,9999,9999,9999,9999,9999,9999,2013/06/30 07:00:00+00,16
Maricopa County,Reported Data,2013,38483,50152,76.7,631,1050,60.1,1689,1969,85.8,2478,3540,70,13735,19397,70.8,20094,24911,80.7,13546,19578,69.2,125,613,20.4,18389,25241,72.9,,,,480,609,78.8,85,130,65.4,2836,4385,64.7,19574,23202,84.4,9999,9999,9999,9999,9999,9999,9999,9999,9999,2013/06/30 07:00:00+00,17
State of Arizona,Reported Data,2013,58370,77685,75.14,2496,4082,61.15,2081,2439,85.32,3094,4446,69.59,21897,31543,69.42,30390,38195,79.57,21458,31123,68.95,192,963,19.94,27980,39490,70.85,189,263,71.86,795,1011,78.64,144,207,69.57,4759,7511,63.36,28302,34278,82.57,9999,9999,9999,9999,9999,9999,9999,9999,9999,2013/06/30 07:00:00+00,18
Compadre High School,Reported Data,2014,128,390,32.82,3,30,10,0,0,,29,70,41.43,1,26,3.85,60,165,36.36,55,179,30.73,0,0,,68,225,30.22,0,0,,0,0,,0,0,,7,26,26.92,37,99,37.37,9999,9999,9999,9999,9999,9999,9999,9999,9999,2014/06/30 07:00:00+00,19
Corona Del Sol High School,Reported Data,2014,430,658,65.35,7,20,35,48,68,70.59,23,33,69.7,0,0,,203,312,65.06,55,101,54.46,0,0,,227,346,65.61,0,0,,0,0,,0,0,,4,26,15.38,291,425,68.47,9999,9999,9999,9999,9999,9999,9999,9999,9999,2014/06/30 07:00:00+00,20
Marcos De Niza High School,Reported Data,2014,373,441,84.58,42,51,82.35,10,11,90.91,52,59,88.14,0,0,,209,234,89.32,135,174,77.59,0,0,,164,207,79.23,0,0,,0,0,,0,0,,30,51,58.82,128,140,91.43,9999,9999,9999,9999,9999,9999,9999,9999,9999,2014/06/30 07:00:00+00,21
Mcclintock High School,Reported Data,2014,333,426,78.17,16,24,66.67,27,31,87.1,31,48,64.58,0,0,,194,235,82.55,127,162,78.4,0,0,,139,191,72.77,0,0,,0,0,,0,0,,10,29,34.48,129,156,82.69,9999,9999,9999,9999,9999,9999,9999,9999,9999,2014/06/30 07:00:00+00,22
Tempe High School,Reported Data,2014,274,326,84.05,0,0,,0,0,,31,41,75.61,0,0,,156,172,90.7,184,213,86.38,0,0,,118,154,76.62,0,0,,0,0,,0,0,,18,39,46.15,36,43,83.72,9999,9999,9999,9999,9999,9999,9999,9999,9999,2014/06/30 07:00:00+00,23
Grand Total Tempe High Schools,Reported Data,2014,1538,2241,68.63,68,125,54.4,85,110,77.27,166,251,66.14,1,26,3.85,822,1118,73.52,556,829,67.07,0,0,,716,1123,63.76,0,0,,0,0,,0,0,,69,171,40.35,621,863,71.96,9999,9999,9999,9999,9999,9999,9999,9999,9999,2014/06/30 07:00:00+00,24
Tempe Union HS District,Reported Data,2014,2785,3657,76.2,98,163,60.1,210,250,84,310,418,74.2,5,42,11.9,1448,1791,80.8,769,1082,71.1,3,23,13,1337,1866,71.7,,,,35,51,68.6,10,18,55.6,130,264,49.2,1353,1675,80.8,9999,9999,9999,9999,9999,9999,9999,9999,9999,2014/06/30 07:00:00+00,25
Maricopa County,Reported Data,2014,39723,51601,77,738,1209,61,1696,1975,85.9,2614,3647,71.7,13676,19032,71.9,20686,25642,80.7,14406,20444,70.5,122,704,17.3,19037,25959,73.3,31,40,77.5,557,739,75.4,96,147,65.3,2869,4427,64.8,19616,23440,83.7,9999,9999,9999,9999,9999,9999,9999,9999,9999,2014/06/30 07:00:00+00,26
State of Arizona,Reported Data,2014,59994,79189,75.76,2562,4064,63.04,2027,2380,85.17,3232,4554,70.97,21416,30274,70.74,31156,39035,79.82,22736,32289,70.41,225,1171,19.21,28838,40154,71.82,303,453,66.89,911,1234,73.82,154,229,67.25,4766,7547,63.15,28372,34439,82.38,9999,9999,9999,9999,9999,9999,9999,9999,9999,2014/06/30 07:00:00+00,27
Compadre High School,Reported Data,2015,91,273,33.33,6,21,28.57,0,0,,15,36,41.67,0,13,0,46,110,41.82,38,133,28.57,0,0,,45,163,27.61,0,0,,7,21,33.33,0,0,,6,18,33.33,24,61,39.34,9999,9999,9999,9999,9999,9999,9999,9999,9999,2015/06/30 07:00:00+00,28
Corona Del Sol High School,Reported Data,2015,582,617,94.33,0,0,,52,53,98.11,22,27,81.48,0,0,,295,307,96.09,101,109,92.66,0,0,,287,310,92.58,0,0,,23,24,95.83,0,0,,34,50,68,372,392,94.9,9999,9999,9999,9999,9999,9999,9999,9999,9999,2015/06/30 07:00:00+00,29
Marcos De Niza High School,Reported Data,2015,310,357,86.83,29,34,85.29,0,0,,33,38,86.84,0,0,,151,170,88.82,130,148,87.84,0,0,,159,187,85.03,0,0,,0,0,,0,0,,27,39,69.23,102,120,85,9999,9999,9999,9999,9999,9999,9999,9999,9999,2015/06/30 07:00:00+00,30
Mcclintock High School,Reported Data,2015,358,408,87.75,19,19,100,18,20,90,17,22,77.27,0,0,,186,212,87.74,123,148,83.11,0,0,,172,196,87.76,0,0,,12,18,66.67,0,0,,17,30,56.67,168,180,93.33,9999,9999,9999,9999,9999,9999,9999,9999,9999,2015/06/30 07:00:00+00,31
Tempe High School,Reported Data,2015,275,322,85.4,11,15,73.33,10,12,83.33,36,44,81.82,0,0,,141,161,87.58,168,191,87.96,0,0,,134,161,83.23,0,0,,0,0,,0,0,,26,39,66.67,37,45,82.22,9999,9999,9999,9999,9999,9999,9999,9999,9999,2015/06/30 07:00:00+00,32
Grand Total Tempe High Schools,Reported Data,2015,1616,1977,81.74,65,89,73.03,80,85,94.12,123,167,73.65,0,13,0,819,960,85.31,560,729,76.82,0,0,,797,1017,78.37,0,0,,42,63,66.67,0,0,,110,176,62.5,703,798,88.1,9999,9999,9999,9999,9999,9999,9999,9999,9999,2015/06/30 07:00:00+00,33
Tempe Union HS District,Reported Data,2015,2872,3319,86.5,95,122,77.9,180,192,93.8,243,306,79.4,0,30,0,1462,1642,89,828,1019,81.3,5,21,23.8,1410,1677,84.1,,,,128,155,82.6,12,13,92.3,166,258,64.3,1386,1512,91.7,9999,9999,9999,9999,9999,9999,9999,9999,9999,2015/06/30 07:00:00+00,34
Maricopa County,Reported Data,2015,41614,52211,79.7,662,1032,64.1,1622,1778,91.2,2610,3433,76,14469,19147,75.6,21651,26058,83.1,15784,21377,73.8,352,877,40.1,19963,26153,76.3,23,29,79.3,937,1386,67.6,135,171,78.9,3116,4575,68.1,19864,23034,86.2,9999,9999,9999,9999,9999,9999,9999,9999,9999,2015/06/30 07:00:00+00,35
State of Arizona,Reported Data,2015,60299,77760,77.55,2571,3911,65.74,2049,2344,87.41,3235,4378,73.89,21408,29235,73.23,31311,38480,81.37,22788,31530,72.27,232,934,24.84,28988,39280,73.8,302,414,72.95,945,1421,66.5,156,224,69.64,4805,7326,65.59,28555,33952,84.1,9999,9999,9999,9999,9999,9999,9999,9999,9999,2015/06/30 07:00:00+00,36
Compadre High School,Reported Data,2016,58,209,27.75,6,22,27.27,0,0,,12,44,27.27,0,0,,29,87,33.33,24,89,26.97,0,0,,29,122,23.77,0,0,,0,0,,0,0,,2,11,18.18,14,52,26.92,9999,9999,9999,9999,9999,9999,9999,9999,9999,2016/06/30 07:00:00+00,37
Corona Del Sol High School,Reported Data,2016,646,677,95.42,11,13,84.62,63,65,96.92,29,33,87.88,0,0,,331,343,96.5,114,123,92.68,0,0,,315,334,94.31,0,0,,28,29,96.55,0,0,,28,37,75.68,399,412,96.84,9999,9999,9999,9999,9999,9999,9999,9999,9999,2016/06/30 07:00:00+00,38
Marcos De Niza High School,Reported Data,2016,317,356,89.04,22,26,84.62,0,0,,30,33,90.91,0,0,,145,163,88.96,143,165,86.67,0,0,,172,193,89.12,0,0,,11,11,100,0,0,,25,36,69.44,101,110,91.82,9999,9999,9999,9999,9999,9999,9999,9999,9999,2016/06/30 07:00:00+00,39
Mcclintock High School,Reported Data,2016,332,368,90.22,17,18,94.44,19,20,95,41,45,91.11,0,0,,185,199,92.96,129,139,92.81,0,0,,147,169,86.98,0,0,,0,0,,0,0,,18,27,66.67,117,135,86.67,9999,9999,9999,9999,9999,9999,9999,9999,9999,2016/06/30 07:00:00+00,40
Tempe High School,Reported Data,2016,270,322,83.85,7,11,63.64,0,0,,28,36,77.78,0,0,,155,171,90.64,186,221,84.16,0,0,,115,151,76.16,0,0,,0,0,,0,0,,26,40,65,31,35,88.57,9999,9999,9999,9999,9999,9999,9999,9999,9999,2016/06/30 07:00:00+00,41
Grand Total Tempe High Schools,Reported Data,2016,1623,1932,84.01,63,90,70,82,85,96.47,140,191,73.3,0,0,,845,963,87.75,596,737,80.87,0,0,,778,969,80.29,0,0,,39,40,97.5,0,0,,99,151,65.56,662,744,88.98,9999,9999,9999,9999,9999,9999,9999,9999,9999,2016/06/30 07:00:00+00,42
Tempe Union HS District,Reported Data,2016,2841,3238,87.7,89,117,76.1,181,188,96.3,288,351,82.1,,,,1460,1621,90.1,838,996,84.1,7,23,30.4,1381,1617,85.4,,,,113,120,94.2,19,19,100,149,222,67.1,1313,1447,90.7,9999,9999,9999,9999,9999,9999,9999,9999,9999,2016/06/30 07:00:00+00,43
Maricopa County,Reported Data,2016,43218,53585,80.7,798,1256,63.5,1697,1871,90.7,2863,3729,76.8,15485,20283,76.3,22318,26696,83.6,16662,21799,76.4,230,761,30.2,20900,26889,77.7,36,42,85.7,910,1141,79.8,131,162,80.9,3332,4828,69,20142,23517,85.6,9999,9999,9999,9999,9999,9999,9999,9999,9999,2016/06/30 07:00:00+00,44
State of Arizona,Reported Data,2016,64135,79986,80.18,2699,3965,68.07,2092,2316,90.33,3462,4544,76.19,23996,31379,76.47,32899,39411,83.48,26161,33825,77.34,413,1222,33.8,31236,40573,76.99,485,600,80.83,1374,1706,80.54,187,241,77.59,5373,7833,68.59,28143,33230,84.69,9999,9999,9999,9999,9999,9999,9999,9999,9999,2016/06/30 07:00:00+00,45
Compadre High School,Reported Data,2017,55,169,32.54,9,22,40.91,0,0,,9,30,30,0,0,,32,83,38.55,25,90,27.78,0,0,,23,86,26.74,0,0,,0,0,,0,0,,0,0,,8,18,44.44,9999,9999,9999,9999,9999,9999,9999,9999,9999,2017/06/30 07:00:00+00,46
Corona Del Sol High School,Reported Data,2017,672,700,96,11,12,91.67,64,66,96.97,37,40,92.5,0,0,,335,345,97.1,132,141,93.62,0,0,,337,355,94.93,0,0,,45,47,95.74,0,0,,27,30,90,379,390,97.18,9999,9999,9999,9999,9999,9999,9999,9999,9999,2017/06/30 07:00:00+00,47
Marcos De Niza High School,Reported Data,2017,284,333,85.29,25,31,80.65,12,13,92.31,26,30,86.67,0,0,,140,161,86.96,139,167,83.23,0,0,,144,172,83.72,0,0,,0,0,,0,0,,16,30,53.33,70,79,88.61,9999,9999,9999,9999,9999,9999,9999,9999,9999,2017/06/30 07:00:00+00,48
Mcclintock High School,Reported Data,2017,370,408,90.69,14,16,87.5,20,21,95.24,40,41,97.56,0,0,,186,201,92.54,136,156,87.18,0,0,,184,207,88.89,0,0,,17,17,100,0,0,,18,25,72,141,155,90.97,9999,9999,9999,9999,9999,9999,9999,9999,9999,2017/06/30 07:00:00+00,49
Tempe High School,Reported Data,2017,294,332,88.55,0,0,,0,0,,34,38,89.47,0,0,,162,172,94.19,216,241,89.63,0,0,,132,160,82.5,0,0,,0,0,,0,0,,24,37,64.86,28,34,82.35,9999,9999,9999,9999,9999,9999,9999,9999,9999,2017/06/30 07:00:00+00,50
Grand Total Tempe High Schools,Reported Data,2017,1675,1942,86.25,59,81,72.84,96,100,96,146,179,81.56,0,0,,855,962,88.88,648,795,81.51,0,0,,820,890,92.13,0,0,,62,64,96.88,0,0,,85,122,69.67,626,676,92.6,9999,9999,9999,9999,9999,9999,9999,9999,9999,2017/06/30 07:00:00+00,51
Tempe Union HS District,Reported Data,2017,2956,3309,89.3,102,129,79.1,177,183,96.7,303,351,86.3,,,,1532,1675,91.5,907,1071,84.7,9,27,33.3,1424,1634,87.1,,,,158,169,93.5,16,19,84.2,145,200,72.5,1293,1387,93.2,9999,9999,9999,9999,9999,9999,9999,9999,9999,2017/06/30 07:00:00+00,52
Maricopa County,Reported Data,2017,43992,56332,78.1,779,1293,60.2,1786,1956,91.3,2845,3795,75,14480,20315,71.3,22704,27907,81.4,17211,23595,72.9,219,647,33.8,21288,28425,74.9,32,41,78,1027,1359,75.6,129,171,75.4,3302,4919,67.1,20215,24149,83.7,9999,9999,9999,9999,9999,9999,9999,9999,9999,2017/06/30 07:00:00+00,53
State of Arizona,Reported Data,2017,65533,83995,78.02,2796,4175,66.97,2128,2347,90.67,3400,4604,73.85,22105,30556,72.34,33737,41399,81.49,26985,36194,74.56,390,989,39.43,31796,42596,74.65,539,645,83.57,1500,1962,76.45,194,264,73.48,5166,7775,66.44,28530,34429,82.87,9999,9999,9999,9999,9999,9999,9999,9999,9999,2017/06/30 07:00:00+00,54
Compadre High School,Reported Data,2018,49,156,31.41,8,28,28.57,8888,8888,8888,7,23,30.43,8888,8888,8888,29,67,43.28,23,63,36.51,8888,8888,8888,20,89,22.47,8888,8888,8888,,,,,,,3,11,27.27,11,39,28.21,9999,9999,9999,9999,9999,9999,9999,9999,9999,2018/06/30 07:00:00+00,55
Corona Del Sol High School,Reported Data,2018,642,675,95.11,8888,8888,8888,66,67,98.51,34,35,97.14,8888,8888,8888,334,346,96.53,134,147,91.16,9,11,81.82,308,329,93.62,8888,8888,8888,18,18,100,,,,19,34,55.88,381,397,95.97,9999,9999,9999,9999,9999,9999,9999,9999,9999,2018/06/30 07:00:00+00,56
Marcos De Niza High School,Reported Data,2018,269,322,83.54,25,33,75.76,12,15,80,29,31,93.55,8888,8888,8888,133,150,88.67,114,148,77.03,8,16,50,136,172,79.07,8888,8888,8888,10,12,83.33,,,,24,36,66.67,79,83,95.18,9999,9999,9999,9999,9999,9999,9999,9999,9999,2018/06/30 07:00:00+00,57
Mcclintock High School,Reported Data,2018,331,374,88.5,12,17,70.59,20,20,100,34,38,89.47,8888,8888,8888,167,186,89.78,148,172,86.05,9,14,64.29,164,188,87.23,8888,8888,8888,10,12,83.33,,,,20,26,76.92,106,114,92.98,9999,9999,9999,9999,9999,9999,9999,9999,9999,2018/06/30 07:00:00+00,58
Tempe High School,Reported Data,2018,302,342,88.3,12,15,80,8888,8888,8888,36,42,85.71,8888,8888,8888,173,185,93.51,223,245,91.02,9,19,47.37,129,157,82.17,8888,8888,8888,,,,,,,23,36,63.89,19,27,70.37,9999,9999,9999,9999,9999,9999,9999,9999,9999,2018/06/30 07:00:00+00,59
Grand Total Tempe High Schools,Reported Data,2018,1593,1869,85.23,57,93,61.29,98,102,96.08,140,169,82.84,0,0,,836,934,89.51,642,775,82.84,35,60,58.33,757,935,80.96,0,0,,38,42,90.48,0,0,,89,143,62.24,596,660,90.3,9999,9999,9999,9999,9999,9999,9999,9999,9999,2018/06/30 07:00:00+00,60
Tempe Union HS District,Reported Data,2018,2802,3155,88.81,86,128,67.19,177,187,94.65,301,347,86.74,8888,8888,8888,1478,1599,92.43,895,1045,85.65,42,69,60.87,1324,1556,85.09,8888,8888,8888,97,107,90.65,,,,146,219,66.67,1237,1332,92.87,9999,9999,9999,9999,9999,9999,9999,9999,9999,2018/06/30 07:00:00+00,61
Maricopa County,Reported Data,2018,45724,58443,78.24,766,1317,58.16,1902,2083,91.31,2960,4000,74,14088,20157,69.89,23754,29145,81.5,18106,24673,73.38,1018,2160,47.13,21970,29298,74.99,8888,8888,8888,1106,1500,73.73,125,163,76.69,3574,5375,66.49,20755,24693,84.05,9999,9999,9999,9999,9999,9999,9999,9999,9999,2018/06/30 07:00:00+00,62
State of Arizona,Reported Data,2018,67498,86137,78.36,2747,4088,67.2,2208,2444,90.34,3570,4862,73.43,22743,31250,72.78,34991,42747,81.86,28535,37880,75.33,1770,3374,52.46,32506,43388,74.92,418,504,82.94,1582,2121,74.59,194,255,76.08,5663,8469,66.87,28652,34466,83.13,9999,9999,9999,9999,9999,9999,9999,9999,9999,2018/06/30 07:00:00+00,63
Compadre High School,Reported Data,2019,36,135,26.67,8888,8888,8888,8888,8888,8888,8888,8888,25,8888,8888,8888,20,54,37.04,8888,8888,15.87,8888,8888,8888,16,81,19.75,,,,,,,,,,,,,14,28,50,8888,8888,8888,8888,8888,8888,8888,8888,8888,2019/06/30 07:00:00+00,64
Corona Del Sol High School,Reported Data,2019,631,659,95.75,18,19,94.74,59,59,100,26,30,86.67,8888,8888,8888,303,316,95.89,132,138,95.65,11,13,84.62,328,343,95.63,,,,21,24,87.5,,,,21,34,61.76,374,388,96.39,8888,8888,8888,8888,8888,8888,8888,8888,8888,2019/06/30 07:00:00+00,65
Marcos De Niza High School,Reported Data,2019,304,341,89.15,23,26,88.46,8888,8888,8888,29,37,78.38,8888,8888,8888,155,169,91.72,140,152,92.11,8888,8888,54.55,149,172,86.63,,,,11,12,91.67,,,,31,45,68.89,90,99,90.91,8888,8888,8888,12,19,63.16,8888,8888,8888,2019/06/30 07:00:00+00,66
Mcclintock High School,Reported Data,2019,347,378,91.8,19,22,86.36,16,17,94.12,40,43,93.02,8888,8888,8888,177,191,92.67,147,160,91.88,8888,8888,8888,170,187,90.91,,,,20,21,95.24,,,,22,30,73.33,100,110,90.91,8888,8888,8888,8888,8888,81.82,8888,8888,8888,2019/06/30 07:00:00+00,67
Tempe High School,Reported Data,2019,316,374,84.49,12,15,80,8888,8888,8888,50,53,94.34,8888,8888,8888,153,178,85.96,224,263,85.17,8888,8888,40,163,196,83.16,,,,,,,,,,24,43,55.81,19,27,70.37,8888,8888,8888,21,23,91.3,8888,8888,8888,2019/06/30 07:00:00+00,68
Grand Total Tempe High Schools,Reported Data,2019,1634,1887,86.59,72,82,87.8,75,76,98.68,145,163,88.96,0,0,,808,908,88.99,643,713,90.18,11,13,84.62,826,979,84.37,0,0,,52,57,91.23,0,0,,98,152,64.47,597,652,91.56,0,0,,33,42,78.57,0,0,,2019/06/30 07:00:00+00,69
Tempe Union HS District,Reported Data,2019,2883,3209,89.8,102,124,82.3,171,177,96.6,302,355,85.1,8888,8888,8888,1458,1579,92.3,937,1082,86.6,39,64,60.9,1425,1630,87.4,,,,131,146,89.7,16,21,76.2,161,235,68.5,1224,1304,93.9,8888,8888,8888,62,88,70.5,8888,8888,8888,2019/06/30 07:00:00+00,70
Maricopa County,Reported Data,2019,46102,58343,79,757,1279,59.2,1939,2080,93.2,2865,3784,75.7,15009,20583,72.9,24071,29230,82.4,18459,25013,73.8,1117,2255,49.5,22031,29113,75.7,47,81,58,1528,2095,72.9,165,200,82.5,3544,5260,67.4,20389,23891,85.3,68,153,44.4,877,1911,45.9,43,78,55.1,2019/06/30 07:00:00+00,71
State of Arizona,Reported Data,2019,68393,86355,79.2,2617,3772,69.38,2281,2460,92.72,3482,4615,75.45,22752,30646,74.24,35477,42933,82.63,29231,38562,75.8,1901,3522,53.98,32916,43421,75.81,716,919,77.91,2319,3138,73.9,223,271,82.29,5645,8303,67.99,28240,33536,84.21,117,262,44.66,1649,3322,49.64,148,195,75.9,2019/06/30 07:00:00+00,72
Compadre High School,Reported Data,2020,33,101,32.67,8888,8888,8888,8888,8888,8888,8888,8888,37.5,20,50,40,21,51,41.18,17,53,32.08,8888,8888,8888,12,50,24,8888,8888,8888,8888,8888,8888,8888,8888,8888,8888,8888,8888,8888,8888,25,8888,8888,8888,8888,8888,8888,8888,8888,8888,2020/06/30 07:00:00+00,73
Corona Del Sol High School,Reported Data,2020,620,656,94.51,8888,8888,8888,54,56,96.43,33,40,82.5,87,91,95.6,326,336,97.02,149,159,93.71,8888,8888,8888,294,320,91.88,8888,8888,8888,27,28,96.43,8888,8888,8888,19,28,67.86,349,362,96.41,8888,8888,8888,11,12,91.67,8888,8888,8888,2020/06/30 07:00:00+00,74
Marcos De Niza High School,Reported Data,2020,294,328,89.63,30,36,83.33,8888,8888,8888,33,36,91.67,141,152,92.76,152,167,91.02,147,161,91.3,8888,8888,8888,142,161,88.2,8888,8888,8888,8888,8888,8888,8888,8888,8888,16,26,61.54,67,75,89.33,8888,8888,8888,8888,8888,71.43,8888,8888,8888,2020/06/30 07:00:00+00,75
Mcclintock High School,Reported Data,2020,316,332,95.18,17,18,94.44,8888,8888,90.91,34,37,91.89,134,139,96.4,157,160,98.13,140,145,96.55,8888,8888,8888,159,172,92.44,8888,8888,8888,11,12,91.67,8888,8888,8888,15,22,68.18,102,107,95.33,8888,8888,8888,8888,8888,8888,8888,8888,8888,2020/06/30 07:00:00+00,76
Tempe High School,Reported Data,2020,302,357,84.59,8888,8888,58.33,8888,8888,8888,27,32,84.38,214,243,88.07,157,177,88.7,220,254,86.61,13,22,59.09,145,180,80.56,8888,8888,8888,8888,8888,8888,8888,8888,8888,27,47,57.45,26,35,74.29,8888,8888,8888,20,25,80,8888,8888,8888,2020/06/30 07:00:00+00,77
Grand Total Tempe High Schools,Reported Data,2020,1565,1774,88.22,47,54,87,54,56,93.67,127,145,87.59,596,675,88.3,813,891,91.25,673,772,87.18,13,22,59.09,752,883,85.16,8888,8888,8888,38,40,95,8888,8888,8888,77,123,62.6,544,579,93.96,8888,8888,8888,31,37,83.78,8888,8888,8888,2020/06/30 07:00:00+00,78
Tempe Union HS District,Reported Data,2020,2811,3093,90.9,92,112,82.1,151,160,94.4,303,348,87.1,809,896,90.3,1493,1597,93.5,993,1110,89.5,42,71,59.2,1318,1496,88.1,8888,8888,8888,137,153,89.5,13,17,76.5,141,209,67.5,1122,1193,94,8888,8888,8888,64,81,79,8888,8888,8888,2020/06/30 07:00:00+00,79
Maricopa County,Reported Data,2020,46258,59285,78,709,1255,56.5,1851,1987,93.2,2756,3798,72.6,18079,24328,74.3,23907,29444,81.2,18842,25754,73.2,1260,2542,49.6,22351,29841,74.9,47,81,58,1774,2457,72.2,129,159,81.1,3635,5417,67.1,20196,23873,84.6,137,304,45.1,940,2064,45.5,97,133,72.9,2020/06/30 07:00:00+00,80
State of Arizona,Reported Data,2020,68681,87844,78.19,2591,3790,68.36,2181,2359,92.45,3403,4694,72.5,26225,34960,75.01,35433,43382,81.68,29725,39626,75.01,2257,4053,55.69,33248,44462,74.78,747,941,79.38,2759,3775,73.09,179,224,79.91,5737,8501,67.49,27841,33371,83.43,213,474,44.94,1680,3458,48.58,272,333,81.68,2020/06/30 07:00:00+00,81
Grand Total Tempe High Schools,Target Date,2030,,,90,,,,,,,,,,,,,,,,,,,,,,,,,,,,,,,,,,,,,,,,,,,,,,,,,2030/06/30 07:00:00+00,82
